id,text,context,language,source
fa-01,این استدلال ضعیف است و شواهد کافی ندارد.,,fa,offline_software_demo
fa-02,تو احمقی و چیزی نمی‌فهمی.,,fa,offline_software_demo
fa-03,او گفت «تو احمقی»؛ این نوع صحبت را قبول ندارم.,,fa,offline_software_demo
fa-04,واژهٔ «احمق» به چه معنی است؟,,fa,offline_software_demo
fa-05,چه نابغه‌ای! باز هم همه‌چیز را خراب کردی.,,fa,offline_software_demo
fa-06,لعنتی، اتوبوس رفت!,,fa,offline_software_demo
fa-07,خیلی خوب بود واقعاً!,پیامی پس از یک شکست؛ رابطه و لحن روشن نیست.,fa,offline_software_demo
en-01,I disagree with your proposal; the evidence is weak.,,en,offline_software_demo
en-02,You are an idiot.,,en,offline_software_demo
en-03,"A normal greeting: hello, everyone.",,en,offline_software_demo
fa-08,این استدلال ضعیف است و شواهد کافی ندارد.,,fa,offline_software_demo
fa-09,"=SUM(1,2) یک عبارت برای بررسی ذخیره امن متن است.",,fa,offline_software_demo
